,District,Active Cases,Recovered,Confirmed,Deaths
0,Nicobars,0,0,0,0
1,North and Middle Andaman,0,1,1,0
2,South Andaman,19,32,51,0
4,Foreign Evacuees,33,0,33,0
5,Anantapur,247,155337,156673,1089
6,Chittoor,2778,229637,234198,1783
7,East Godavari,3065,277087,281384,1232
8,Guntur,1605,167210,169978,1163
9,Krishna,3111,106860,111221,1250
10,Kurnool,216,122465,123525,844
11,Other State,0,63,66,3
12,Prakasam,1470,128985,131478,1023
13,S.P.S. Nellore,2591,133121,136685,973
14,Srikakulam,557,119891,121217,769
15,Visakhapatnam,544,151762,153395,1089
16,Vizianagaram,225,80813,81707,669
17,West Godavari,1422,168861,171354,1071
18,Y.S.R. Kadapa,586,110128,111341,627
19,Anjaw,48,934,985,3
20,Changlang,71,3530,3621,20
21,East Kameng,35,1031,1066,0
22,East Siang,102,2817,2936,17
23,Kamle,60,400,460,0
24,Kra Daadi,7,249,256,0
25,Kurung Kumey,2,504,507,1
26,Lepa Rada,41,719,762,2
27,Lohit,144,2486,2656,26
28,Longding,14,712,728,2
29,Lower Dibang Valley,89,2049,2147,9
30,Lower Siang,50,645,703,8
31,Lower Subansiri,333,2266,2610,11
32,Namsai,48,1895,1958,15
33,Pakke Kessang,9,381,390,0
34,Papum Pare,844,16182,17113,87
35,Shi Yomi,25,196,221,0
36,Siang,27,363,393,3
37,Tawang,115,2151,2283,17
38,Tirap,20,982,1005,3
39,Upper Dibang Valley,26,262,290,2
40,Upper Siang,76,804,881,1
41,Upper Subansiri,80,1817,1903,6
42,West Kameng,171,3010,3194,13
43,West Siang,51,1669,1725,5
44,Airport Quarantine,8,2088,2098,2
45,Baksa,5510,447,6013,56
46,Barpeta,10368,1024,11543,151
47,Biswanath,8010,379,8439,50
48,Bongaigaon,5321,834,6222,67
49,Cachar,22029,1498,23713,186
50,Charaideo,3312,105,3464,47
51,Chirang,2353,219,2606,34
52,Darrang,8315,1730,10144,99
53,Dhemaji,6769,440,7248,39
54,Dhubri,6590,1215,7856,51
55,Dibrugarh,30197,2409,32973,367
56,Dima Hasao,2880,199,3091,12
57,Goalpara,38,568,10532,9926
58,Golaghat,19914,1656,21779,209
59,Hailakandi,4929,1116,6079,34
60,Hojai,5795,1160,7058,103
61,Jorhat,21134,1752,23152,266
62,Kamrup,28948,2074,31268,246
63,Kamrup Metropolitan,86012,15370,102179,797
64,Karbi Anglong,6131,552,6787,104
65,Karimganj,6649,955,7690,86
66,Kokrajhar,4898,353,5311,60
67,Lakhimpur,12699,1135,13925,91
68,Majuli,1686,80,1774,8
69,Morigaon,12264,557,12888,67
70,Nagaon,20934,2506,23628,188
71,Nalbari,8686,828,9612,98
72,Other State,0,63,66,3
73,Sivasagar,9278,473,9911,160
74,Sonitpur,17905,1727,19836,204
75,South Salmara Mankachar,1776,47,1839,16
76,Tinsukia,17346,1798,19387,243
77,Udalguri,4684,666,5418,68
78,West Karbi Anglong,1193,37,1233,3
80,Araria,8,14834,14958,116
81,Arwal,8,7295,7377,74
82,Aurangabad,687,149600,154499,4212
83,Banka,0,7266,7378,112
84,Begusarai,7,26717,27181,457
85,Bhagalpur,12,25504,25825,309
86,Bhojpur,9,10004,10172,159
87,Buxar,0,9066,9248,182
88,Darbhanga,27,10504,10897,366
89,East Champaran,22,18548,19000,430
90,Gaya,6,33652,33937,279
91,Gopalganj,1,16576,16671,94
92,Jamui,4,9300,9410,106
93,Jehanabad,0,10661,10770,109
94,Kaimur,0,4836,4983,147
95,Katihar,14,18011,18119,94
96,Khagaria,0,9966,10054,88
97,Kishanganj,15,10022,10103,66
98,Lakhisarai,6,7660,7768,102
99,Madhepura,8,12400,12519,111
100,Madhubani,4,17991,18332,337
101,Munger,3,14940,15101,158
102,Muzaffarpur,12,30746,31379,621
103,Nalanda,14,22939,23421,468
104,Nawada,2,10164,10344,178
105,Patna,38,144463,146831,2330
106,Purnia,3,24223,24406,180
107,Rohtas,7,13682,13958,269
108,Saharsa,3,17454,17591,134
109,Samastipur,19,19804,19977,154
110,Saran,1,23011,23267,255
111,Sheikhpura,2,7613,7690,75
112,Sheohar,1,4358,4395,36
113,Sitamarhi,3,9039,9169,127
114,Siwan,0,15023,15193,170
115,Supaul,1,17073,17202,128
116,Vaishali,12,19601,19806,193
117,West Champaran,4,20523,20885,358
118,Chandigarh,35,61151,61997,811
119,Other State,0,63,66,3
120,Balod,23,26837,27256,396
121,Baloda Bazar,124,42411,43005,470
122,Balrampur,3,7346,7487,138
123,Bametara,6,19701,19943,236
124,Bastar,154,20585,20927,188
125,Bijapur,50,8151,8255,54
126,Bilaspur,152,12852,13084,80
127,Dakshin Bastar Dantewada,30,10692,10746,24
128,Dhamtari,33,26611,27188,544
129,Durg,127,94723,96644,1794
130,Gariaband,22,19452,19668,194
131,Janjgir Champa,102,56497,57429,830
132,Jashpur,92,26620,26924,212
133,Kabeerdham,9,22492,22768,267
134,Kondagaon,24,12939,13062,99
135,Korba,66,53928,54569,575
136,Koriya,41,26702,26918,175
137,Mahasamund,33,30922,31319,364
138,Mungeli,14,23710,23891,167
139,Narayanpur,30,3959,4003,14
140,Raigarh,60,61425,62463,978
141,Raipur,121,154536,157796,3139
142,Rajnandgaon,12,55485,56011,514
143,Sukma,48,7899,7967,20
144,Surajpur,40,28751,29015,224
145,Surguja,34,33359,33638,245
146,Uttar Bastar Kanker,118,23190,23530,222
147,Gaurela Pendra Marwahi,13,11846,12005,146
148,Central Delhi,184,0,184,0
149,East Delhi,38,0,38,0
150,New Delhi,37,0,37,0
151,North Delhi,60,0,60,0
152,North East Delhi,25,0,25,0
153,North West Delhi,31,0,32,1
154,Shahdara,48,0,48,0
155,South Delhi,70,0,70,0
156,South East Delhi,130,0,130,0
157,South West Delhi,42,0,42,0
158,West Delhi,122,0,122,0
160,Other State,0,63,66,3
161,Dadra and Nagar Haveli,3,5894,5905,8
162,Daman,1,3506,3534,27
163,Diu,3,1215,1218,0
164,Other State,0,63,66,3
165,North Goa,1639,964,2668,65
166,South Goa,1978,1407,3511,126
168,Other State,0,63,66,3
169,Ahmedabad,61,234550,238022,3411
170,Amreli,4,10700,10806,102
171,Anand,5,9569,9623,49
172,Aravalli,0,5105,5183,78
173,Banaskantha,0,13469,13631,162
174,Bharuch,3,11304,11425,118
175,Bhavnagar,4,21109,21413,300
176,Botad,1,2175,2218,42
177,Chhota Udaipur,0,3357,3395,38
178,Dahod,2,9903,9943,38
179,Dang,0,846,864,18
180,Devbhumi Dwarka,0,4090,4172,82
181,Gandhinagar,7,20528,20740,205
182,Gir Somnath,2,8486,8555,67
183,Jamnagar,7,34465,34949,477
184,Junagadh,4,20194,20469,271
185,Kheda,5,10369,10422,48
186,Kutch,1,12441,12587,145
187,Mahisagar,1,8119,8192,72
188,Mehsana,5,24232,24414,177
189,Morbi,0,6415,6502,87
190,Narmada,0,5937,5952,15
191,Navsari,3,7128,7155,24
192,Panchmahal,0,11700,11770,70
193,Patan,2,11493,11624,129
194,Porbandar,0,3455,3474,19
195,Rajkot,14,57183,57920,723
196,Sabarkantha,0,9157,9314,157
197,Surat,17,141519,143490,1954
198,Surendranagar,0,7985,8121,136
199,Tapi,2,4413,4438,23
200,Vadodara,43,77081,77912,788
201,Valsad,1,6194,6244,49
202,Bilaspur,152,12852,13084,80
203,Chamba,652,12000,12805,153
204,Hamirpur,1,5127,5229,101
205,Kangra,385,45357,46790,1048
206,Kinnaur,27,3272,3337,38
207,Kullu,152,8984,9294,158
208,Lahaul and Spiti,53,2740,2811,18
209,Mandi,437,27809,28651,405
210,Shimla,324,25116,26052,612
211,Sirmaur,17,15161,15388,210
212,Solan,39,22106,22459,314
213,Una,56,13195,13498,247
214,Foreign Evacuees,33,0,33,0
215,Ambala,12,29583,30104,509
216,Bhiwani,49,21740,22394,605
217,Charkhi Dadri,4,4932,5068,132
218,Faridabad,24,99061,99801,716
219,Fatehabad,13,17382,17858,463
220,Gurugram,74,179978,180972,920
221,Hisar,103,52834,53976,1039
222,Italians,0,2,2,0
223,Jhajjar,22,18500,18827,305
224,Jind,16,20664,21202,522
225,Kaithal,20,10860,11218,338
226,Karnal,40,39413,39999,546
227,Kurukshetra,7,21751,22114,356
228,Mahendragarh,1,21533,21687,153
229,Nuh,1,4889,5010,120
230,Palwal,3,10825,10981,153
231,Panchkula,25,30257,30656,374
232,Panipat,91,30479,31135,565
233,Rewari,20,20075,20304,209
234,Rohtak,88,25289,25876,499
235,Sirsa,51,28738,29256,467
236,Sonipat,2,46870,47126,254
237,Yamunanagar,4,24154,24566,408
238,Bokaro,4,19123,19413,286
239,Chatra,1,5971,6025,53
240,Deoghar,11,10677,10801,113
241,Dhanbad,24,16100,16503,379
242,Dumka,1,4583,4631,47
243,East Singhbhum,11,50726,51780,1043
244,Garhwa,1,6789,6884,94
245,Giridih,2,8827,8959,130
246,Godda,3,5746,5836,87
247,Gumla,1,9854,9893,38
248,Hazaribagh,3,19392,19581,186
249,Jamtara,3,5492,5555,60
250,Khunti,10,7677,7783,96
251,Koderma,18,12717,12871,136
252,Latehar,4,7802,7863,57
253,Lohardaga,6,6595,6689,88
254,Pakur,7,2531,2550,12
255,Palamu,0,12179,12289,110
256,Ramgarh,11,13689,13896,196
257,Ranchi,62,83793,85440,1585
258,Sahibganj,3,4771,4816,42
259,Saraikela-Kharsawan,4,7133,7204,67
260,Simdega,5,7094,7191,92
261,West Singhbhum,1,12867,13001,133
262,Anantnag,24,16117,16346,205
263,Bandipora,57,9374,9531,100
264,Baramulla,88,23366,23736,282
265,Budgam,73,22705,22984,206
266,Doda,111,7135,7374,128
267,Ganderbal,69,9842,9989,78
268,Jammu,136,51601,52877,1140
269,Kathua,4,9113,9268,151
270,Kishtwar,50,4601,4695,44
271,Kulgam,32,11163,11312,117
272,Kupwara,47,13925,14137,165
273,Mirpur,0,0,0,0
274,Muzaffarabad,0,0,0,0
275,Pulwama,47,14999,15240,194
276,Punch,31,6157,6285,97
277,Rajouri,71,10707,11006,228
278,Ramban,18,5895,5980,67
279,Reasi,68,6225,6336,43
280,Samba,6,7002,7127,119
281,Shopiyan,4,5526,5588,58
282,Srinagar,309,70576,71719,834
283,Udhampur,52,11166,11355,137
284,Bagalkote,39,34755,35121,327
285,Ballari,217,95602,97504,1685
286,Belagavi,390,77361,78627,876
287,Bengaluru Rural,336,60002,61199,861
288,Bengaluru Urban,8290,1207260,1231474,15924
289,Bidar,11,23873,24284,400
290,Chamarajanagara,292,31789,32577,496
291,Chikkaballapura,92,43260,43776,424
292,Chikkamagaluru,1059,47597,49033,377
293,Chitradurga,469,35434,36095,192
294,Dakshina Kannada,3479,99296,104257,1482
295,Davanagere,192,49718,50500,590
296,Dharwad,133,59176,60600,1291
297,Gadag,22,25666,26004,316
298,Hassan,1497,105134,107826,1195
299,Haveri,27,21226,21884,631
300,Kalaburagi,92,60777,61687,818
301,Kodagu,727,32946,33974,301
302,Kolar,262,45039,45901,600
303,Koppal,66,34533,35117,518
304,Mandya,405,71457,72492,630
305,Mysuru,1174,170694,174199,2331
306,Other State,0,63,66,3
307,Raichur,30,39541,39900,329
308,Ramanagara,93,23646,24050,311
309,Shivamogga,558,65810,67431,1063
310,Tumakuru,882,116469,118431,1080
311,Udupi,1427,69309,71170,434
312,Uttara Kannada,541,52783,54051,727
313,Vijayapura,35,35650,36174,489
314,Yadgir,14,27281,27501,206
315,Other State,0,63,66,3
316,Alappuzha,8265,227678,237133,1190
317,Ernakulam,26921,401576,430396,1899
318,Idukki,6218,90108,96572,246
319,Kannur,8847,189191,199236,1198
320,Kasaragod,8732,105566,114698,400
321,Kollam,2412,280404,284264,1448
322,Kottayam,7989,223230,231995,776
323,Kozhikode,23271,362390,387573,1912
324,Malappuram,28759,410437,440734,1538
325,Palakkad,17683,249691,269048,1674
326,Pathanamthitta,8298,127910,136773,565
327,Thiruvananthapuram,9386,330216,343093,3491
328,Thrissur,11239,341779,355009,1991
329,Wayanad,7938,75419,83669,312
330,Kargil,18,3496,3572,58
331,Leh,52,16634,16835,149
332,Lakshadweep,43,10135,10268,90
334,Ahmednagar,5231,283222,294758,6305
335,Akola,38,57176,58638,1424
336,Amravati,76,94297,96012,1639
337,Aurangabad,687,149600,154499,4212
338,Beed,1678,95137,99459,2644
339,Bhandara,0,58915,60038,1123
340,Buldhana,77,83980,84828,771
341,Chandrapur,75,87003,88688,1610
342,Dhule,0,45606,46270,664
343,Gadchiroli,18,29566,30288,704
344,Gondia,2,39957,40534,575
345,Hingoli,78,17842,18419,499
346,Jalgaon,320,136786,139800,2694
347,Jalna,175,58939,60314,1200
348,Kolhapur,4427,189411,199490,5652
349,Latur,499,88255,91166,2412
350,Mumbai,4212,715650,738239,18377
351,Mumbai Suburban,0,0,0,0
352,Nagpur,264,483591,493063,9208
353,Nanded,57,87925,90649,2667
354,Nandurbar,4,39013,39968,951
355,Nashik,839,394257,403658,8562
356,Osmanabad,1005,62021,64970,1944
357,Other State,0,63,66,3
358,Palghar,686,129915,133835,3234
359,Parbhani,248,50793,52279,1238
360,Pune,14419,1066447,1099851,18985
361,Raigad,1881,179549,185702,4272
362,Ratnagiri,1751,69522,73420,2147
363,Sangli,6964,180025,192215,5226
364,Satara,6239,214414,226151,5498
365,Sindhudurg,1440,46665,49379,1274
366,Solapur,5207,183777,194066,5082
367,Thane,5901,574998,592025,11126
368,Wardha,11,56962,58342,1369
369,Washim,20,40983,41623,620
370,Yavatmal,13,74421,76220,1786
371,East Garo Hills,56,1696,1761,9
372,East Jaintia Hills,63,2137,2228,28
373,East Khasi Hills,1981,31453,34271,837
374,North Garo Hills,54,1560,1622,8
375,Ribhoi,437,7841,8344,66
376,South Garo Hills,45,1098,1154,11
377,South West Garo Hills,48,1729,1792,15
378,South West Khasi Hills,219,1720,1951,12
379,West Garo Hills,524,7872,8461,65
380,West Jaintia Hills,443,5051,5599,105
381,West Khasi Hills,626,2384,3049,39
382,CAPF Personnel,1568,1681,3251,2
383,Bishnupur,7685,58,7897,154
384,Chandel,1684,4,1718,30
385,Churachandpur,8181,58,8377,138
386,Imphal East,22367,150,22898,381
387,Imphal West,33914,52,34490,524
388,Jiribam,865,2,873,6
389,Kakching,5612,27,5740,101
390,Kamjong,520,17,540,3
391,Kangpokpi,1828,19,1897,50
392,Noney,816,18,838,4
393,Pherzawl,255,15,270,0
394,Senapati,1635,21,1662,6
395,Tamenglong,2740,32,2783,11
396,Tengnoupal,821,13,844,10
397,Thoubal,8369,23,8532,140
398,Ukhrul,1533,18,1572,21
400,Agar Malwa,0,3235,3303,68
401,Alirajpur,0,3453,3501,48
402,Anuppur,0,9140,9229,89
403,Ashoknagar,0,3613,3670,57
404,Balaghat,9,9017,9090,64
405,Barwani,6,8267,8363,90
406,Betul,32,12590,12899,277
407,Bhind,2,2960,2994,32
408,Bhopal,230,122121,123323,972
409,Burhanpur,0,2529,2568,39
410,Chhatarpur,10,7506,7607,91
411,Chhindwara,0,6612,6732,120
412,Damoh,93,7841,8120,186
413,Datia,6,6874,6958,78
414,Dewas,0,7672,7723,51
415,Dhar,15,12388,12533,130
416,Dindori,6,4588,4623,29
417,Guna,3,5085,5132,44
418,Gwalior,32,52427,53092,633
419,Harda,5,4954,5055,96
420,Hoshangabad,11,10570,10680,99
421,Indore,210,151410,153011,1391
422,Jabalpur,75,49896,50641,670
423,Jhabua,5,7619,7688,64
424,Katni,3,9242,9365,120
425,Khandwa,0,3946,4040,94
426,Khargone,10,13716,13965,239
427,Mandla,3,5159,5187,25
428,Mandsaur,1,8552,8637,84
429,Morena,6,8135,8236,95
430,Narsinghpur,4,11115,11200,81
431,Neemuch,12,7828,7924,84
432,Niwari,9,3654,3711,48
433,Other Region,0,0,0,0
434,Panna,6,7250,7319,63
435,Raisen,9,9030,9233,194
436,Rajgarh,38,8490,8700,172
437,Ratlam,31,17438,17854,385
438,Rewa,6,16270,16431,155
439,Sagar,48,16154,16592,390
440,Satna,3,11829,11965,133
441,Sehore,6,10057,10136,73
442,Seoni,7,6739,6774,28
443,Shahdol,4,9958,10080,118
444,Shajapur,2,6273,6349,74
445,Sheopur,1,3919,3998,78
446,Shivpuri,7,12261,12393,125
447,Sidhi,0,9132,9219,87
448,Singrauli,5,8706,8793,82
449,Tikamgarh,7,6742,6863,114
450,Ujjain,4,18720,18896,172
451,Umaria,6,6224,6293,63
452,Vidisha,4,11677,11918,237
454,Aizawl,8728,22888,31751,135
455,Champhai,209,490,700,1
456,Hnahthial,13,103,116,0
457,Khawzawl,1,108,109,0
458,Kolasib,940,2852,3809,17
459,Lawngtlai,363,2450,2821,8
460,Lunglei,515,3016,3534,3
461,Mamit,429,1031,1462,2
462,Saiha,183,758,942,1
463,Saitual,15,205,222,2
464,Serchhip,18,833,854,3
465,Others,0,0,0,0
466,Dimapur,422,11973,13335,940
467,Kiphire,14,205,228,9
468,Kohima,352,8167,8765,246
469,Longleng,39,209,262,14
470,Mokokchung,226,1627,1950,97
471,Mon,23,1046,1098,29
472,Peren,90,773,873,10
473,Phek,13,444,476,19
474,Tuensang,67,904,985,14
475,Wokha,39,265,326,22
476,Zunheboto,66,488,577,23
477,State Pool,762,26418,27180,0
478,Others,0,0,0,0
479,Angul,212,42565,43056,279
480,Balangir,36,23070,23218,112
481,Balasore,526,37831,38584,227
482,Bargarh,62,30407,30775,306
483,Bhadrak,310,25311,25719,98
484,Boudh,20,12402,12528,106
485,Cuttack,1209,86580,88249,460
486,Deogarh,30,6141,6213,42
487,Dhenkanal,158,18939,19231,134
488,Gajapati,16,9432,9531,83
489,Ganjam,38,32994,33502,470
490,Jagatsinghpur,496,25478,26084,110
491,Jajpur,533,41106,41724,85
492,Jharsuguda,27,23429,23624,168
493,Kalahandi,33,23936,24172,203
494,Kandhamal,73,11243,11397,81
495,Kendrapara,256,23325,23736,155
496,Kendujhar,114,20273,20534,147
497,Khordha,3456,149151,153972,1365
498,Koraput,48,18762,18883,73
499,Malkangiri,41,11433,11522,48
500,Mayurbhanj,294,38480,39008,234
501,Nabarangapur,21,23385,23472,66
502,Nayagarh,249,22414,22829,166
503,Nuapada,23,22706,22812,83
504,Puri,425,43180,44013,408
505,Rayagada,101,19625,19887,161
506,Sambalpur,99,30327,30621,195
507,Subarnapur,50,13000,13098,48
508,Sundargarh,95,60236,60901,570
509,Amritsar,32,45499,47118,1587
510,Barnala,14,5656,5912,242
511,Bathinda,34,40474,41547,1039
512,Faridkot,8,13515,13836,313
513,Fatehgarh Sahib,7,8499,8797,291
514,Fazilka,44,19614,20184,526
515,Ferozepur,13,13733,14245,499
516,Gurdaspur,9,21440,22246,797
517,Hoshiarpur,23,29673,30674,978
518,Jalandhar,61,61611,63162,1490
519,Kapurthala,13,17205,17771,553
520,Ludhiana,99,85207,87401,2095
521,Mansa,1,15263,15575,311
522,Moga,16,8379,8628,233
523,Pathankot,22,18169,18607,416
524,Patiala,34,47377,48752,1341
525,Rupnagar,9,12454,12880,417
526,S.A.S. Nagar,46,67402,68505,1057
527,Sangrur,9,14816,15693,868
528,Shahid Bhagat Singh Nagar,3,11052,11429,374
529,Sri Muktsar Sahib,8,18199,18730,523
530,Tarn Taran,12,7599,7986,375
531,Karaikal,119,14807,15157,231
532,Mahe,143,4796,4977,38
533,Puducherry,581,93112,95120,1427
534,Yanam,23,6498,6626,105
535,Ajmer,14,37291,37715,410
536,Alwar,10,59335,59652,307
537,Banswara,3,9898,10005,104
538,Baran,1,11931,11993,61
539,Barmer,4,15361,15550,185
540,Bharatpur,1,19329,19590,260
541,Bhilwara,0,29617,29773,156
542,Bikaner,7,39759,40311,545
543,BSF Camp,0,85,85,0
544,Bundi,0,7919,7967,48
545,Chittorgarh,0,19670,19809,139
546,Churu,0,16612,16719,107
547,Dausa,2,13287,13351,62
548,Dholpur,1,10957,11006,48
549,Dungarpur,0,18276,18407,131
550,Evacuees,0,61,61,0
551,Ganganagar,0,19186,19336,150
552,Hanumangarh,4,15935,16050,111
553,Italians,0,2,2,0
554,Jaipur,60,185568,187598,1970
555,Jaisalmer,3,13570,13639,66
556,Jalore,4,9989,10065,72
557,Jhalawar,1,13411,13599,187
558,Jhunjhunu,0,14644,14802,158
559,Jodhpur,0,111271,112374,1103
560,Karauli,0,7086,7156,70
561,Kota,1,56601,57051,449
562,Nagaur,7,17543,17727,177
563,Other State,0,63,66,3
564,Pali,11,27017,27315,287
565,Pratapgarh,0,15862,16023,161
566,Rajsamand,2,16870,17041,169
567,Sawai Madhopur,4,10537,10602,61
568,Sikar,6,30264,30605,335
569,Sirohi,0,13650,13729,79
570,Tonk,1,9402,9495,92
571,Udaipur,43,55562,56358,753
572,East Sikkim,10831,4917,15974,226
573,North Sikkim,699,72,781,10
574,South Sikkim,5723,438,6178,17
575,West Sikkim,4792,137,4973,44
577,Foreign Evacuees,33,0,33,0
578,Other State,0,63,66,3
579,Adilabad,7085,15,7100,0
580,Bhadradri Kothagudem,18328,4,18332,0
581,Hyderabad,136563,305,136891,23
582,Jagtial,16969,2,16971,0
583,Jangaon,7523,1,7524,0
584,Jayashankar Bhupalapally,6760,0,6760,0
585,Jogulamba Gadwal,7156,25,7182,1
586,Kamareddy,11510,8,11518,0
587,Karimnagar,29287,16,29303,0
588,Khammam,26949,3,26952,0
589,Komaram Bheem,4461,2,4463,0
590,Mahabubabad,12855,1,12856,0
591,Mahabubnagar,16218,8,16226,0
592,Mancherial,15913,0,15914,1
593,Medak,8388,4,8392,0
594,Medchal Malkajgiri,44944,9,44954,1
595,Mulugu,6572,2,6574,0
596,Nagarkurnool,12228,2,12230,0
597,Nalgonda,28624,12,28636,0
598,Narayanpet,3271,0,3272,1
599,Nirmal,7217,13,7230,0
600,Nizamabad,20746,30,20776,0
601,Peddapalli,15416,1,15417,0
602,Rajanna Sircilla,11924,2,11926,0
603,Ranga Reddy,48325,17,48344,2
604,Sangareddy,19029,6,19035,0
605,Siddipet,19167,1,19168,0
606,Suryapet,17243,24,17267,0
607,Vikarabad,10917,15,10933,1
608,Wanaparthy,9674,0,9674,0
609,Warangal Rural,10500,0,10500,0
610,Warangal Urban,26021,23,26044,0
611,Yadadri Bhuvanagiri,11133,0,11133,0
613,Railway Quarantine,0,428,428,0
614,Airport Quarantine,8,2088,2098,2
615,Other State,0,63,66,3
616,Ariyalur,237,15560,16037,240
617,Chengalpattu,1152,159709,163274,2413
618,Chennai,2048,529907,540300,8345
619,Coimbatore,2259,227403,231863,2201
620,Cuddalore,777,59622,61220,821
621,Dharmapuri,316,25862,26415,237
622,Dindigul,157,31538,32322,627
623,Erode,1710,93208,95559,641
624,Kallakurichi,468,28854,29521,199
625,Kancheepuram,448,70483,72144,1213
626,Kanyakumari,339,59090,60451,1022
627,Karur,188,22297,22836,351
628,Krishnagiri,309,41004,41638,325
629,Madurai,228,72354,73729,1147
630,Nagapattinam,427,18353,19075,295
631,Namakkal,574,46739,47771,458
632,Nilgiris,493,30369,31048,186
633,Perambalur,109,11245,11579,225
634,Pudukkottai,356,27805,28533,372
635,Ramanathapuram,94,19665,20110,351
636,Ranipet,216,41208,42169,745
637,Salem,843,91888,94328,1597
638,Sivaganga,229,18594,19022,199
639,Tenkasi,112,26332,26928,484
640,Thanjavur,995,67113,68972,864
641,Theni,120,42404,43038,514
642,Thiruvallur,941,111754,114461,1766
643,Thiruvarur,432,37519,38327,376
644,Thoothukkudi,196,54680,55274,398
645,Tiruchirappalli,749,71481,73209,979
646,Tirunelveli,252,47469,48151,430
647,Tirupathur,178,27628,28410,604
648,Tiruppur,857,87021,88754,876
649,Tiruvannamalai,503,51442,52586,641
650,Vellore,308,46951,48356,1097
651,Viluppuram,358,43506,44205,341
652,Virudhunagar,137,44949,45628,542
653,Mayiladuthurai,259,20795,21325,271
654,Dhalai,107,6724,6866,35
655,Gomati,252,7469,7796,75
656,Khowai,76,4338,4466,52
657,North Tripura,182,6691,6912,39
658,Sipahijala,83,5960,6118,75
659,South Tripura,277,9434,9759,48
660,Unokoti,299,7848,8209,62
661,West Tripura,800,29284,30531,447
662,Agra,8,25269,25734,457
663,Aligarh,0,21168,21276,108
664,Ambedkar Nagar,5,4873,5028,150
665,Amethi,0,9815,9958,143
666,Amroha,2,16405,16610,203
667,Auraiya,1,9875,10079,203
668,Ayodhya,2,16620,16912,290
669,Azamgarh,4,17654,17886,228
670,Baghpat,2,8985,9128,141
671,Bahraich,2,11366,11546,178
672,Ballia,1,21372,21606,233
673,Balrampur,3,7346,7487,138
674,Banda,1,10831,10985,153
675,Barabanki,8,19599,19832,225
676,Bareilly,3,43591,43970,376
677,Basti,1,11383,11714,330
678,Bhadohi,2,7552,7717,163
679,Bijnor,1,14679,14788,108
680,Budaun,1,14825,14924,98
681,Bulandshahr,2,19958,20201,241
682,Chandauli,3,15839,16198,356
683,Chitrakoot,0,7027,7106,79
684,Deoria,6,19988,20212,218
685,Etah,0,9865,9963,98
686,Etawah,3,13632,13928,293
687,Farrukhabad,2,10144,10340,194
688,Fatehpur,3,6658,6800,139
689,Firozabad,0,8580,8715,135
690,Gautam Buddha Nagar,16,62746,63228,466
691,Ghaziabad,11,55150,55622,461
692,Ghazipur,10,21345,21636,281
693,Gonda,0,12020,12281,261
694,Gorakhpur,14,58515,59377,848
695,Hamirpur,1,5127,5229,101
696,Hapur,4,12407,12628,217
697,Hardoi,3,13402,13754,349
698,Hathras,0,2874,2917,43
699,Jalaun,5,11454,11661,202
700,Jaunpur,9,22325,22568,234
701,Jhansi,7,35869,36539,663
702,Kannauj,5,9101,9220,114
703,Kanpur Dehat,5,6074,6189,110
704,Kanpur Nagar,15,80974,82893,1904
705,Kasganj,0,4194,4247,53
706,Kaushambi,2,4346,4416,68
707,Kushinagar,37,15345,15610,228
708,Lakhimpur Kheri,10,24103,24405,292
709,Lalitpur,1,12605,12734,128
710,Lucknow,54,235939,238644,2651
711,Maharajganj,14,12242,12394,138
712,Mahoba,1,4181,4268,86
713,Mainpuri,36,9799,10017,182
714,Mathura,40,19865,20273,368
715,Mau,1,8242,8323,80
716,Meerut,7,68516,69420,897
717,Mirzapur,2,10964,11082,116
718,Moradabad,5,38740,39094,349
719,Muzaffarnagar,6,30724,30999,269
720,Pilibhit,0,10834,11027,193
721,Pratapgarh,0,15862,16023,161
722,Prayagraj,34,77499,78607,1074
723,Rae Bareli,31,16723,17074,320
724,Rampur,6,11665,11817,146
725,Saharanpur,2,32327,32749,420
726,Sambhal,2,9329,9436,105
727,Sant Kabir Nagar,1,8058,8157,98
728,Shahjahanpur,4,19905,20352,443
729,Shamli,0,12929,12974,45
730,Shrawasti,2,4348,4385,35
731,Siddharthnagar,5,9259,9364,100
732,Sitapur,1,12206,12392,185
733,Sonbhadra,0,16548,16799,251
734,Sultanpur,6,14763,14907,138
735,Unnao,3,14739,14996,254
736,Varanasi,21,84474,85466,971
737,Almora,6,11332,12139,801
738,Bageshwar,16,5608,5709,85
739,Chamoli,53,11827,12144,264
740,Champawat,34,7294,7547,219
741,Dehradun,171,107692,111951,4088
742,Haridwar,9,49020,51397,2368
743,Nainital,7,38000,39078,1071
744,Pauri Garhwal,10,16517,17541,1014
745,Pithoragarh,58,9820,10162,284
746,Rudraprayag,23,8467,8740,250
747,Tehri Garhwal,6,14816,15818,996
748,Udham Singh Nagar,23,36230,37808,1555
749,Uttarkashi,19,12035,12468,414
750,Alipurduar,243,14685,15027,99
751,Bankura,366,34097,34724,261
752,Birbhum,130,40009,40424,285
753,Cooch Behar,536,27307,27938,95
754,Dakshin Dinajpur,103,16705,16976,168
755,Darjeeling,998,52550,54050,502
756,Hooghly,565,80649,82138,924
757,Howrah,522,92872,94880,1486
758,Jalpaiguri,626,39101,40269,542
759,Jhargram,308,11094,11429,27
760,Kalimpong,274,6195,6513,44
761,Kolkata,835,305367,311183,4981
762,Malda,67,32448,32700,185
763,Murshidabad,58,33253,33633,322
764,Nadia,648,68302,69668,718
765,North 24 Parganas,1213,314358,320162,4591
766,Other State,0,63,66,3
767,Paschim Bardhaman,203,55852,56402,347
768,Paschim Medinipur,595,50006,51094,493
769,Purba Bardhaman,342,39715,40241,184
770,Purba Medinipur,692,59802,60872,378
771,Purulia,55,19038,19205,112
772,South 24 Parganas,658,94656,96592,1278
773,Uttar Dinajpur,126,19154,19513,233
